Timestamp,CPU(%),RAM(%),Disk(%),Red_Enviado(KB/s),Red_Recibido(KB/s)
30/03/2025 08:35:21 p. m.,9.9,75.2,0.0,0.0,0.0
30/03/2025 08:35:23 p. m.,33.3,75.7,81.7,10.1,9.1
30/03/2025 08:35:25 p. m.,19.9,76.0,5.3,10.1,11.6
30/03/2025 08:35:27 p. m.,30.7,75.9,3.9,0.9,7.3
30/03/2025 08:35:29 p. m.,42.9,76.4,15.3,15.0,8.0
30/03/2025 08:35:31 p. m.,36.6,77.2,6.4,47.2,26.6
30/03/2025 08:35:33 p. m.,17.8,77.0,3.3,35.7,30.3
30/03/2025 08:35:35 p. m.,6.6,76.9,0.2,35.0,30.9
30/03/2025 08:35:37 p. m.,9.5,77.0,0.3,46.4,35.0
30/03/2025 08:35:39 p. m.,13.8,77.1,1.4,22.7,28.4
30/03/2025 08:35:41 p. m.,21.1,77.3,3.8,42.7,18.0
30/03/2025 08:35:43 p. m.,11.1,77.6,0.7,13.4,9.0
30/03/2025 08:35:45 p. m.,13.1,77.7,0.5,37.3,15.5
30/03/2025 08:35:47 p. m.,19.6,77.7,3.2,105.9,209.1
30/03/2025 08:35:49 p. m.,19.0,77.6,0.4,68.7,108.6
30/03/2025 08:35:51 p. m.,11.8,76.9,0.7,251.7,17.2
30/03/2025 08:35:53 p. m.,12.4,77.0,1.8,20.3,672.1
30/03/2025 08:35:55 p. m.,6.3,76.9,0.8,11.2,16.4
30/03/2025 08:35:57 p. m.,7.7,76.9,0.4,6.2,19.2
30/03/2025 08:35:59 p. m.,9.5,76.7,0.8,36.0,60.3
30/03/2025 08:36:01 p. m.,16.1,76.6,0.1,7.8,52.1
30/03/2025 08:36:03 p. m.,21.1,76.4,1.6,7.2,42.3
30/03/2025 08:36:05 p. m.,17.0,76.3,0.2,2.8,5.0
30/03/2025 08:36:07 p. m.,12.0,76.4,0.5,4.5,11.3
30/03/2025 08:36:09 p. m.,11.2,76.6,0.5,1.4,1.2
30/03/2025 08:36:11 p. m.,14.4,76.7,0.3,1.3,6.7
30/03/2025 08:36:13 p. m.,7.7,76.6,0.4,12.7,8.6
30/03/2025 08:36:15 p. m.,7.7,76.7,0.2,35.1,42.8
30/03/2025 08:36:18 p. m.,18.4,76.8,0.5,0.8,1.3
30/03/2025 08:36:20 p. m.,12.4,76.9,0.2,3.1,7.6
30/03/2025 08:36:22 p. m.,5.2,76.7,0.3,0.2,0.5
30/03/2025 08:36:24 p. m.,9.5,76.5,0.2,2.5,0.8
30/03/2025 08:36:26 p. m.,4.9,76.5,0.4,5.8,9.9
30/03/2025 08:36:28 p. m.,5.3,76.4,0.6,1.3,1.8
30/03/2025 08:36:30 p. m.,7.8,76.4,0.5,2.9,1.4
30/03/2025 08:38:22 p. m.,2.2,65.4,0.0,0.0,0.0
30/03/2025 08:38:24 p. m.,6.7,65.4,0.3,26.2,31.3
30/03/2025 08:38:26 p. m.,11.9,65.3,0.5,27.1,13.4
30/03/2025 08:38:28 p. m.,7.6,65.3,0.3,33.5,9.5
30/03/2025 08:38:30 p. m.,3.8,65.2,0.2,31.2,33.8
30/03/2025 08:38:32 p. m.,2.5,65.2,0.3,6.5,15.6
30/03/2025 08:38:34 p. m.,7.5,65.8,5.3,60.1,4328.4
30/03/2025 08:38:36 p. m.,3.8,65.7,2.1,20.9,30.2
30/03/2025 08:38:38 p. m.,5.7,65.4,0.6,0.1,0.2
30/03/2025 08:38:40 p. m.,2.8,65.3,0.1,1.5,1.5
30/03/2025 08:38:42 p. m.,3.2,65.2,0.9,3.1,2.0
30/03/2025 08:38:44 p. m.,4.7,65.5,0.3,4.3,3.5
30/03/2025 08:38:46 p. m.,4.9,65.6,0.6,0.7,3.4
30/03/2025 08:38:48 p. m.,2.1,65.5,0.2,2.2,0.5
30/03/2025 08:38:50 p. m.,4.0,65.5,0.5,4.6,3.9
30/03/2025 08:38:52 p. m.,4.5,65.3,0.6,5.3,61.3
30/03/2025 08:52:41 p. m.,6.7,84.9,0.0,0.0,0.0
30/03/2025 08:52:43 p. m.,3.4,84.9,0.4,18.5,11.9
30/03/2025 08:52:45 p. m.,6.1,84.9,0.5,36.1,11.7
30/03/2025 08:52:47 p. m.,7.7,85.0,0.2,50.9,46.3
30/03/2025 08:52:49 p. m.,5.7,85.0,0.2,1.5,1.7
30/03/2025 08:52:51 p. m.,4.4,85.0,0.1,1.1,0.8
30/03/2025 08:52:53 p. m.,6.3,85.1,0.7,6.2,18.0
30/03/2025 08:52:55 p. m.,4.7,85.1,0.1,2.4,1.4
30/03/2025 08:52:57 p. m.,7.5,85.1,0.3,0.4,0.9
30/03/2025 08:52:59 p. m.,6.0,85.1,0.3,0.2,0.5
30/03/2025 08:53:01 p. m.,8.5,85.1,0.3,4.9,1.9
30/03/2025 08:53:03 p. m.,6.4,84.9,0.2,0.2,0.3
30/03/2025 08:53:05 p. m.,3.8,84.9,0.3,0.1,0.4
30/03/2025 08:53:07 p. m.,5.5,84.8,0.3,1.2,0.7
30/03/2025 08:53:09 p. m.,4.2,84.8,0.4,4.6,4.7
30/03/2025 08:53:11 p. m.,2.8,84.8,0.1,1.2,0.8
30/03/2025 08:53:31 p. m.,2.4,72.9,0.0,0.0,0.0
30/03/2025 08:53:38 p. m.,6.6,72.5,0.0,0.0,0.0
30/03/2025 08:53:40 p. m.,2.8,72.3,0.6,4.0,4.1
30/03/2025 08:53:42 p. m.,2.1,72.3,0.2,2.2,1.9
30/03/2025 08:53:44 p. m.,1.7,72.3,0.1,4.7,3.4
30/03/2025 08:53:46 p. m.,1.6,72.3,0.3,0.2,0.7
30/03/2025 08:53:48 p. m.,2.8,72.3,0.1,0.0,0.1
30/03/2025 08:53:50 p. m.,2.9,72.3,0.2,2.4,0.6
30/03/2025 08:53:52 p. m.,2.3,72.1,0.1,4.3,2.5
30/03/2025 09:16:10 p. m.,37.4,89.1,0.0,1774,0.0,0.0,0.0,0.0,0.0
30/03/2025 09:16:12 p. m.,25.3,89.7,0.6,1681,49.3,25.0,1743.3,2777.1,0.0
30/03/2025 09:16:14 p. m.,15.9,89.8,3.6,1995,69.5,74.1,561.9,146863.2,0.0
30/03/2025 09:16:16 p. m.,14.0,89.9,0.2,1983,46.5,18.2,115.2,667.1,0.0
30/03/2025 09:16:18 p. m.,3.7,89.8,0.2,1990,5.9,12.8,103.4,379.6,0.0
30/03/2025 09:16:20 p. m.,7.3,89.7,0.3,1997,33.5,34.6,226.3,432.8,0.0
30/03/2025 09:16:22 p. m.,10.2,90.2,0.6,1982,55.3,4353.2,438.2,3956.2,0.0
30/03/2025 09:16:24 p. m.,5.5,89.8,0.1,1981,4.7,5.9,39.7,264.1,0.0
30/03/2025 09:16:26 p. m.,6.1,89.9,0.3,1979,4.3,3.3,15.9,323.3,0.0
30/03/2025 09:19:32 p. m.,39.9,89.2,0.0,2232,0.0,0.0,0.0,0.0
30/03/2025 09:19:35 p. m.,11.9,89.8,0.1,2135,2.1,4.0,205.0,650.4
30/03/2025 09:19:37 p. m.,3.8,89.7,0.2,2131,0.3,0.6,0.0,152.6
30/03/2025 09:19:39 p. m.,3.1,89.8,0.1,2125,0.1,0.2,0.0,59.5
30/03/2025 09:26:53 p. m.,33.1,88.2,0.0,2492,0.0,0.0,0.0,0.0
30/03/2025 09:26:55 p. m.,23.3,89.3,0.3,2552,3.9,5.1,31.4,1471.5
30/03/2025 09:26:57 p. m.,8.2,89.3,0.3,2630,0.1,0.3,101.1,327.2
30/03/2025 09:26:59 p. m.,4.7,89.2,0.1,2630,2.7,3.1,0.0,89.4
30/03/2025 09:27:01 p. m.,4.6,89.2,0.2,2620,1.2,1.6,0.0,95.4
30/03/2025 09:27:03 p. m.,5.2,89.3,0.2,2618,0.2,1.4,0.0,233.6
30/03/2025 09:28:43 p. m.,16.8,88.5,0.0,2723,0.0,0.0,0.0,0.0
30/03/2025 09:28:45 p. m.,15.3,89.7,0.2,2558,2.3,3.4,2.0,342.7
30/03/2025 09:28:47 p. m.,5.1,89.7,0.2,2553,0.4,1.4,2.0,358.6
30/03/2025 09:28:49 p. m.,7.3,89.7,0.1,2547,0.1,0.4,31.7,55.5
30/03/2025 09:28:51 p. m.,3.5,89.7,0.3,2540,1.5,1.0,43.6,305.2
30/03/2025 09:28:54 p. m.,3.9,89.7,0.1,2540,0.5,0.6,33.7,400.0
30/03/2025 09:28:56 p. m.,3.2,89.7,0.2,2540,3.5,3.4,15.8,154.0
30/03/2025 09:28:58 p. m.,3.6,89.6,0.1,2550,0.1,0.6,31.6,37.6
30/03/2025 09:29:00 p. m.,4.3,89.7,0.2,2547,0.2,1.0,31.7,118.8
30/03/2025 09:29:02 p. m.,2.7,89.7,0.0,2546,1.3,1.2,0.0,51.5
30/03/2025 09:29:04 p. m.,3.2,89.7,0.1,2544,0.1,1.1,0.0,85.1
30/03/2025 09:29:06 p. m.,4.0,89.7,0.1,2544,0.5,0.7,41.7,224.4
30/03/2025 09:29:08 p. m.,3.3,89.8,0.1,2536,0.1,0.6,6.0,17.9
30/03/2025 09:29:10 p. m.,4.1,89.8,0.2,2526,0.0,0.4,23.7,61.4
30/03/2025 09:29:12 p. m.,2.8,89.8,0.1,2524,1.2,0.9,0.0,39.6
30/03/2025 09:29:14 p. m.,6.9,89.8,0.2,2521,31.8,30.0,63.3,146.4
30/03/2025 09:29:16 p. m.,3.9,89.7,0.2,2523,21.0,27.8,45.5,77.2
30/03/2025 09:29:18 p. m.,3.0,89.6,0.2,2533,0.9,1.0,55.4,207.7
30/03/2025 09:29:20 p. m.,9.6,89.7,0.2,2524,40.7,34.3,35.8,127.3
30/03/2025 09:29:22 p. m.,3.2,89.6,0.3,2538,8.8,2.9,111.4,196.9
30/03/2025 09:29:24 p. m.,11.2,89.9,0.1,2519,35.2,6.7,99.4,202.8
30/03/2025 09:29:26 p. m.,6.9,90.0,0.3,2499,38.7,37.8,151.0,174.8
30/03/2025 09:29:28 p. m.,8.0,90.0,0.2,2504,34.8,9.2,79.1,102.8
30/03/2025 09:29:30 p. m.,11.1,90.0,0.2,2499,13.5,10.7,346.0,517.0
30/03/2025 09:29:32 p. m.,4.6,90.0,0.1,2502,19.7,21.3,0.0,129.1
30/03/2025 09:29:34 p. m.,8.9,90.5,0.6,2472,63.8,4391.4,804.1,5281.9
30/03/2025 09:29:36 p. m.,7.4,90.3,0.1,2489,15.1,17.3,0.0,762.0
30/03/2025 09:29:38 p. m.,4.6,90.2,0.3,2464,8.7,8.1,116.5,490.5
30/03/2025 09:29:40 p. m.,5.7,90.2,0.1,2459,0.4,0.9,31.7,77.2
30/03/2025 09:29:42 p. m.,4.7,90.2,0.3,2459,8.1,3.1,15.9,1144.5
30/03/2025 09:29:44 p. m.,5.4,90.2,0.1,2458,7.8,7.2,39.8,248.6
30/03/2025 09:29:46 p. m.,4.3,90.2,0.2,2458,0.3,0.7,4.0,200.1
30/03/2025 09:29:48 p. m.,5.3,90.3,0.1,2458,8.0,2.3,31.8,85.4
30/03/2025 09:29:50 p. m.,5.8,90.3,0.2,2455,1.1,1.1,55.5,128.9
30/03/2025 09:29:52 p. m.,6.0,90.6,0.2,2424,1.2,1.0,227.7,17.8
30/03/2025 09:29:54 p. m.,5.0,90.6,0.1,2391,0.1,0.2,0.0,375.9
30/03/2025 09:29:56 p. m.,6.1,90.6,0.2,2408,12.1,10.0,192.1,150.5
30/03/2025 09:29:58 p. m.,4.2,90.6,0.2,2400,0.1,0.4,403.8,99.0
30/03/2025 09:30:00 p. m.,3.7,90.5,0.1,2393,0.2,0.3,178.6,180.6
30/03/2025 09:30:02 p. m.,5.4,90.5,0.3,2401,2.8,1.7,239.5,47.5
30/03/2025 09:30:04 p. m.,4.6,90.5,0.1,2398,16.9,3.3,142.6,190.2
30/03/2025 09:30:06 p. m.,7.5,90.6,0.1,2385,41.8,20.2,39.7,152.8
30/03/2025 09:30:08 p. m.,4.2,90.6,0.5,2391,9.0,5.9,4152.0,368.4
30/03/2025 09:30:10 p. m.,12.4,90.6,0.1,2389,52.1,13.5,31.7,87.2
30/03/2025 09:30:12 p. m.,13.9,90.5,0.2,2391,62.7,14.7,71.3,657.4
30/03/2025 09:30:14 p. m.,17.7,91.3,0.8,2276,202.4,5064.5,1486.3,247.4
30/03/2025 09:30:16 p. m.,8.3,91.3,0.5,2299,45.2,67.5,346.2,4207.8
30/03/2025 09:30:18 p. m.,6.7,90.9,0.1,2301,1.1,48.5,0.0,120.6
30/03/2025 09:30:20 p. m.,12.6,90.8,0.2,2309,4.4,54.4,0.0,202.1
30/03/2025 09:30:22 p. m.,16.1,90.7,0.1,2319,11.8,1372.9,33.7,57.5
30/03/2025 09:30:24 p. m.,21.6,91.1,0.3,2225,1.4,55.4,127.1,1274.7
30/03/2025 09:30:26 p. m.,9.2,91.1,0.0,2228,4.7,56.9,4.0,146.5
30/03/2025 09:30:28 p. m.,4.9,91.1,0.3,2214,1.0,52.9,39.7,134.8
30/03/2025 09:30:30 p. m.,9.5,91.1,0.3,2213,15.1,58.4,568.4,1378.5
30/03/2025 09:30:32 p. m.,10.7,91.0,0.3,2234,14.4,62.3,35.7,369.4
30/03/2025 09:30:34 p. m.,7.1,91.0,0.1,2233,1.3,51.2,31.7,244.0
30/03/2025 09:30:36 p. m.,8.6,91.0,0.2,2236,6.7,60.6,97.2,1124.6
30/03/2025 09:30:38 p. m.,8.7,91.0,0.2,2235,1.0,48.9,13.9,99.5
30/03/2025 09:30:40 p. m.,7.3,90.9,0.3,2241,3.0,52.3,0.0,331.2
30/03/2025 09:30:42 p. m.,8.5,90.9,0.2,2241,2.4,51.9,0.0,138.7
30/03/2025 09:30:44 p. m.,11.2,90.8,0.3,2272,103.9,47.9,109.2,1643.6
30/03/2025 09:30:47 p. m.,7.9,90.8,0.2,2273,27.1,4.5,13.9,118.7
30/03/2025 09:30:49 p. m.,5.3,90.8,0.2,2274,0.3,7.0,31.7,233.5
30/03/2025 09:30:51 p. m.,14.0,90.8,0.3,2275,1.6,1.3,31.8,349.3
30/03/2025 09:30:53 p. m.,12.0,90.6,0.1,2292,1.1,0.8,0.0,132.5
30/03/2025 09:30:55 p. m.,12.6,90.6,0.1,2324,5.2,3.1,33.8,254.2
30/03/2025 09:30:57 p. m.,9.6,90.6,0.1,2320,10.7,9.4,31.8,149.0
30/03/2025 09:30:59 p. m.,9.8,90.6,0.2,2313,6.6,445.7,214.2,495.8
30/03/2025 09:31:01 p. m.,13.9,90.6,0.1,2306,4.4,2.4,154.8,420.8
30/03/2025 09:31:03 p. m.,13.6,90.7,0.3,2298,1.8,3.9,7.9,464.1
30/03/2025 09:31:05 p. m.,10.2,90.7,0.2,2292,18.2,21.9,67.5,301.6
30/03/2025 09:31:07 p. m.,11.7,90.7,0.3,2281,5.5,9.3,221.3,105.4
30/03/2025 09:31:09 p. m.,8.8,90.5,0.1,2293,0.1,0.3,140.9,390.9
30/03/2025 09:31:24 p. m.,23.3,90.0,0.0,2351,0.0,0.0,0.0,0.0
30/03/2025 09:31:26 p. m.,21.3,90.6,0.2,2247,20.1,24.0,63.1,1171.9
30/03/2025 09:31:28 p. m.,7.2,90.6,0.1,2245,10.6,9.8,23.8,333.1
30/03/2025 09:31:30 p. m.,5.1,90.5,0.1,2245,0.1,0.1,0.0,298.5
30/03/2025 09:31:32 p. m.,17.0,90.9,12.7,2181,1.2,0.8,19613.5,561.2
30/03/2025 09:31:34 p. m.,13.5,90.9,0.5,2164,0.0,0.2,1141.3,849.1
30/03/2025 09:31:36 p. m.,8.2,91.0,0.4,2156,0.1,0.4,325.4,534.1
30/03/2025 09:31:38 p. m.,4.6,91.0,0.2,2154,0.0,0.2,165.9,545.7
30/03/2025 09:31:40 p. m.,13.3,90.6,0.2,2254,0.4,0.3,525.3,2246.5
30/03/2025 09:31:42 p. m.,8.6,91.1,0.3,2180,9.9,3.4,202.1,653.8
30/03/2025 09:31:44 p. m.,25.1,72.5,11.0,5094,57.7,54.0,34411.9,8788.4
30/03/2025 09:31:46 p. m.,3.6,72.6,0.2,5100,0.5,1.3,8.0,113.4
30/03/2025 09:31:48 p. m.,4.7,72.6,0.1,5104,0.1,0.3,0.0,17.9
30/03/2025 09:31:50 p. m.,18.8,72.9,0.2,5047,0.1,0.5,61.6,733.8
30/03/2025 09:31:52 p. m.,10.4,72.9,0.2,5034,1.2,0.9,15.9,71.7
30/03/2025 09:31:54 p. m.,4.5,72.9,0.1,5032,0.0,0.0,8.0,271.0
30/03/2025 09:31:56 p. m.,6.6,72.8,0.2,5029,0.2,0.6,8.0,117.4
30/03/2025 09:31:58 p. m.,7.1,72.9,0.1,5159,0.1,0.4,0.0,350.6
30/03/2025 09:32:00 p. m.,4.7,72.9,0.1,5147,0.1,0.2,15.9,31.8
30/03/2025 09:32:02 p. m.,3.6,73.0,0.1,5143,2.0,3.5,15.9,95.6
30/03/2025 09:32:04 p. m.,3.2,73.0,0.1,5134,1.6,0.6,0.0,91.5
30/03/2025 09:32:06 p. m.,3.3,73.1,0.1,5120,0.2,0.4,0.0,59.6
30/03/2025 09:32:27 p. m.,33.1,71.0,0.0,5461,0.0,0.0,0.0,0.0
30/03/2025 09:32:29 p. m.,16.9,72.6,0.3,5203,2.0,2.9,643.7,1708.1
30/03/2025 09:32:31 p. m.,4.4,72.6,0.3,5200,0.1,0.2,17.8,753.7
30/03/2025 09:32:33 p. m.,4.3,72.6,0.1,5201,1.2,0.9,0.0,77.1
30/03/2025 09:32:35 p. m.,5.5,72.7,0.2,5189,0.1,0.4,31.7,203.8
30/03/2025 09:32:37 p. m.,4.9,72.6,0.2,5204,0.1,0.3,0.0,81.0
30/03/2025 09:32:39 p. m.,3.4,72.6,0.2,5193,0.0,0.1,0.0,252.3
30/03/2025 09:32:41 p. m.,5.2,72.7,0.1,5177,0.0,0.1,0.0,27.8
30/03/2025 09:32:43 p. m.,5.1,72.9,0.2,5129,1.4,1.6,27.8,123.3
30/03/2025 09:32:45 p. m.,6.4,73.1,0.2,5116,2.9,2.2,39.8,236.8
30/03/2025 09:32:47 p. m.,5.2,73.1,0.1,5105,0.3,0.4,29.8,17.9
30/03/2025 09:32:49 p. m.,5.7,73.1,0.2,5094,0.2,0.3,0.0,27.9
30/03/2025 09:32:51 p. m.,4.4,73.1,0.0,5091,0.0,0.2,0.0,19.9
30/03/2025 09:32:53 p. m.,2.8,73.1,0.2,5093,1.2,0.8,0.0,73.7
30/03/2025 09:32:55 p. m.,1.9,73.1,0.1,5093,2.2,2.6,31.6,104.8
30/03/2025 09:32:57 p. m.,2.9,73.2,0.2,5091,0.1,0.3,0.0,73.4
30/03/2025 09:32:59 p. m.,7.5,73.0,0.1,5111,0.1,0.3,7.9,93.2
30/03/2025 09:33:01 p. m.,6.6,73.0,0.3,5113,0.2,0.3,63.6,347.8
30/03/2025 09:33:03 p. m.,8.9,72.9,0.2,5135,1.2,0.9,31.9,1313.1
30/03/2025 09:33:05 p. m.,5.8,73.0,0.2,5136,0.0,0.4,0.0,117.4
30/03/2025 09:33:07 p. m.,3.7,73.1,0.1,5101,0.0,0.3,0.0,139.4
30/03/2025 09:33:09 p. m.,3.0,73.1,0.2,5102,0.1,0.1,2.0,139.1
30/03/2025 09:33:11 p. m.,2.5,73.1,0.1,5094,0.0,0.2,0.0,189.0
30/03/2025 09:33:13 p. m.,4.8,73.2,0.2,5093,1.2,1.5,0.0,131.1
30/03/2025 09:33:15 p. m.,4.0,73.2,0.2,5087,4.7,3.5,0.0,147.1
30/03/2025 09:33:17 p. m.,2.4,73.2,0.1,5084,0.2,0.3,35.8,39.8
30/03/2025 09:33:19 p. m.,3.1,73.2,0.1,5085,0.1,0.5,8.0,87.5
30/03/2025 09:33:21 p. m.,9.4,73.2,0.1,5087,0.1,0.2,0.0,21.9
30/03/2025 09:33:23 p. m.,6.5,73.3,0.1,5091,1.1,0.7,0.0,37.8
30/03/2025 09:33:39 p. m.,22.5,72.6,0.0,5182,0.0,0.0,0.0,0.0
30/03/2025 09:33:41 p. m.,15.9,73.2,0.1,5057,1.8,2.8,173.2,986.0
30/03/2025 09:33:43 p. m.,6.8,73.3,0.3,5056,1.5,1.4,13.8,174.0
30/03/2025 09:33:45 p. m.,3.3,73.3,0.3,5058,0.2,0.4,0.0,352.0
30/03/2025 09:33:47 p. m.,5.2,73.3,0.2,5057,0.1,0.6,11.9,75.3
30/03/2025 09:33:49 p. m.,5.8,73.3,0.2,5065,0.2,0.3,0.0,95.3
30/03/2025 09:33:51 p. m.,2.5,73.3,0.1,5059,0.1,0.2,4.0,180.7
30/03/2025 09:33:53 p. m.,4.1,73.1,0.2,5080,1.2,0.8,0.0,71.6
30/03/2025 09:33:55 p. m.,2.7,73.2,0.1,5077,0.1,0.4,15.9,159.1
30/03/2025 09:34:04 p. m.,27.2,71.8,0.0,5273,0.0,0.0,0.0,0.0
30/03/2025 09:34:06 p. m.,21.4,73.2,0.2,5053,3.4,4.6,23.7,660.6
30/03/2025 09:34:08 p. m.,13.5,73.6,2.9,4998,0.1,0.4,1141.0,4581.8
30/03/2025 09:34:10 p. m.,4.8,73.5,0.1,4994,0.1,0.3,0.0,63.2
30/03/2025 09:34:12 p. m.,5.4,73.6,0.2,4986,3.1,2.2,0.0,131.2
30/03/2025 09:34:14 p. m.,4.2,73.6,0.2,4993,1.4,1.7,0.0,85.3
30/03/2025 09:34:16 p. m.,5.8,73.6,0.2,4988,2.0,2.9,4.0,306.0
30/03/2025 09:34:18 p. m.,6.0,73.6,0.2,4987,0.1,0.2,0.0,97.1
30/03/2025 09:34:20 p. m.,7.9,73.6,0.3,4989,0.1,0.2,39.8,233.0
30/03/2025 09:34:22 p. m.,10.7,73.7,0.2,4986,1.4,0.9,47.5,102.9
30/03/2025 09:34:24 p. m.,6.8,73.7,0.2,4982,0.0,0.4,33.8,288.3
30/03/2025 09:34:26 p. m.,5.3,73.7,0.1,4984,0.1,0.2,0.0,21.9
30/03/2025 09:34:28 p. m.,9.1,73.7,0.1,4976,0.1,0.5,0.0,53.8
30/03/2025 09:34:30 p. m.,4.4,73.7,0.1,4973,0.2,0.1,0.0,91.5
30/03/2025 09:34:32 p. m.,7.1,73.6,0.1,4983,1.3,0.9,0.0,51.7
30/03/2025 09:34:34 p. m.,7.6,73.8,0.3,4950,0.9,1.3,29.9,167.3
30/03/2025 09:34:36 p. m.,16.9,73.7,0.1,4969,2.3,2.7,49.5,221.7
30/03/2025 09:34:38 p. m.,4.6,73.8,0.2,4968,0.0,0.2,8.0,129.5
30/03/2025 09:34:40 p. m.,3.1,73.8,0.2,4967,0.0,0.1,0.0,93.1
30/03/2025 09:34:42 p. m.,8.7,73.9,0.3,4972,1.4,0.9,63.7,175.1
30/03/2025 09:34:44 p. m.,8.9,73.6,0.1,4994,2.4,2.9,4.0,443.1
30/03/2025 09:34:50 p. m.,18.5,72.8,0.0,5136,0.0,0.0,0.0,0.0
30/03/2025 09:34:52 p. m.,21.4,73.7,0.1,4978,2.9,3.2,31.5,881.2
30/03/2025 09:34:54 p. m.,11.9,73.6,0.3,4993,0.1,0.7,100.1,2097.2
30/03/2025 09:34:56 p. m.,5.5,73.6,0.3,4997,0.6,0.7,7.9,284.8
30/03/2025 09:34:58 p. m.,4.8,73.6,0.2,4993,0.1,0.3,0.0,61.5
30/03/2025 09:35:00 p. m.,7.2,73.6,0.2,4996,0.1,0.2,91.2,204.2
30/03/2025 09:35:02 p. m.,13.8,73.2,0.5,5076,6.0,6.4,770.0,349.3
30/03/2025 09:35:04 p. m.,7.5,73.2,0.3,5074,0.9,2.9,17.8,211.7
30/03/2025 09:35:06 p. m.,6.9,73.2,0.3,5074,0.1,0.3,241.4,269.1
30/03/2025 09:35:08 p. m.,10.4,73.3,0.3,5073,0.0,0.2,43.8,179.3
30/03/2025 09:35:10 p. m.,8.2,73.3,0.2,5074,0.0,0.1,8.0,105.4
30/03/2025 09:35:12 p. m.,17.4,73.6,0.4,4992,14.0,60.2,546.5,513.9
30/03/2025 09:35:17 p. m.,20.9,72.6,0.0,5158,0.0,0.0,0.0,0.0
30/03/2025 09:35:19 p. m.,25.9,73.6,0.3,4984,1.9,2.9,7.8,2429.2
30/03/2025 09:35:21 p. m.,7.5,73.5,0.2,5005,0.1,0.6,63.7,280.8
30/03/2025 09:35:23 p. m.,4.8,73.4,0.2,5007,1.2,1.2,0.0,248.4
30/03/2025 09:35:25 p. m.,5.3,73.5,0.2,5006,0.0,0.6,2.0,75.4
30/03/2025 09:35:27 p. m.,4.5,73.4,0.1,5013,0.1,0.8,0.0,136.4
30/03/2025 09:35:29 p. m.,3.0,73.4,0.2,5014,0.1,1.8,23.7,215.0
30/03/2025 09:35:31 p. m.,3.4,73.4,0.2,5021,0.3,0.8,0.0,127.1
30/03/2025 09:35:33 p. m.,3.0,73.4,0.2,5017,1.3,1.0,44.0,33.8
30/03/2025 09:35:35 p. m.,3.4,73.5,0.1,5017,0.2,1.0,8.0,67.6
30/03/2025 09:35:37 p. m.,2.6,73.5,0.2,5014,0.1,0.4,0.0,116.7
30/03/2025 09:35:39 p. m.,2.2,73.5,0.1,5012,0.1,0.3,0.0,19.9
30/03/2025 09:35:41 p. m.,6.2,73.5,0.2,5013,0.2,0.5,0.0,77.6
30/03/2025 09:35:43 p. m.,7.4,73.7,0.1,5009,1.8,3.1,0.0,29.7
30/03/2025 09:37:54 p. m.,27.4,71.9,0.0,5440,0.0,0.0,0.0,0.0
30/03/2025 09:37:56 p. m.,13.5,73.1,0.4,5251,2.0,3.0,49.4,658.7
30/03/2025 09:37:58 p. m.,6.8,72.9,0.1,5295,0.1,0.7,0.0,232.7
30/03/2025 09:38:00 p. m.,14.5,72.9,0.2,5297,0.1,0.1,0.0,586.8
30/03/2025 09:38:02 p. m.,5.9,72.9,0.1,5300,0.2,0.3,0.0,75.2
30/03/2025 09:38:04 p. m.,4.6,72.9,0.2,5292,1.2,0.8,63.2,337.8
30/03/2025 09:38:06 p. m.,2.7,72.9,0.2,5289,0.0,0.3,0.0,172.9
30/03/2025 09:38:08 p. m.,5.7,73.0,0.1,5286,0.0,0.2,0.0,112.8
30/03/2025 09:38:49 p. m.,25.9,72.3,0.0,5288,0.0,0.0,0.0,0.0
30/03/2025 09:38:51 p. m.,17.7,73.6,0.1,5068,1.9,2.9,3.9,498.2
30/03/2025 09:38:53 p. m.,5.9,73.6,0.2,5068,1.2,1.1,2.0,330.2
30/03/2025 09:38:55 p. m.,7.1,73.5,0.2,5088,2.1,2.5,31.6,148.3
30/03/2025 09:38:57 p. m.,3.8,73.5,0.3,5096,0.1,0.2,8.0,210.9
30/03/2025 09:40:05 p. m.,19.7,74.7,0.0,4827,0.0,0.0,0.0,0.0
30/03/2025 09:40:07 p. m.,18.2,74.1,0.6,4921,2.1,3.3,57.1,769.3
30/03/2025 09:40:09 p. m.,8.8,74.9,0.3,4779,0.1,0.1,8.0,378.1
30/03/2025 09:40:11 p. m.,4.9,74.9,0.2,4772,0.0,0.1,17.8,215.3
30/03/2025 09:40:13 p. m.,7.0,75.0,0.2,4741,4.5,3.6,87.5,103.5
30/03/2025 09:40:15 p. m.,7.6,75.0,0.2,4744,0.1,0.8,5.9,101.0
30/03/2025 09:40:17 p. m.,6.2,75.0,0.2,4743,0.2,0.3,7.9,209.4
30/03/2025 09:40:20 p. m.,3.8,75.0,0.1,4737,2.0,2.6,0.0,110.8
30/03/2025 09:40:22 p. m.,2.8,75.0,0.2,4734,0.2,0.4,23.9,129.3
30/03/2025 09:47:25 p. m.,15.9,76.8,0.0,4335,0.0,0.0,0.0,0.0
30/03/2025 09:47:27 p. m.,18.9,78.3,0.3,4134,2.0,3.0,47.4,553.3
30/03/2025 09:47:29 p. m.,4.6,78.4,0.3,4108,0.1,0.3,25.8,335.5
30/03/2025 09:47:31 p. m.,7.1,78.4,0.2,4112,0.3,0.2,41.7,598.3
30/03/2025 09:47:33 p. m.,3.1,78.3,0.1,4114,1.1,0.7,0.0,45.7
30/03/2025 09:47:35 p. m.,5.6,78.3,0.2,4127,0.2,0.6,0.0,88.9
30/03/2025 09:47:41 p. m.,15.7,76.8,0.0,4344,0.0,0.0,0.0,0.0
30/03/2025 09:47:43 p. m.,17.0,78.4,0.3,4099,3.2,3.9,78.6,768.3
30/03/2025 09:47:45 p. m.,4.4,78.4,0.1,4097,0.3,0.5,0.0,709.8
30/03/2025 09:47:47 p. m.,4.3,78.3,0.0,4099,0.4,1.0,2.0,59.7
30/03/2025 09:47:49 p. m.,6.2,78.4,0.1,4099,0.2,0.4,7.9,92.9
30/03/2025 09:47:51 p. m.,8.1,78.4,0.1,4099,0.1,0.2,7.9,59.3
30/03/2025 09:47:53 p. m.,6.2,78.4,0.2,4098,1.2,1.3,2.0,276.1
30/03/2025 09:49:18 p. m.,18.4,77.4,0.0,4322,0.0,0.0,0.0,0.0
30/03/2025 09:49:20 p. m.,17.7,76.3,0.1,4474,1.9,2.6,15.8,418.3
30/03/2025 09:49:22 p. m.,14.6,77.8,0.3,4253,0.2,0.4,13.9,851.8
30/03/2025 09:49:24 p. m.,5.7,77.8,0.1,4250,1.1,0.9,2.0,190.6
30/03/2025 09:49:26 p. m.,5.4,77.8,0.2,4251,0.1,0.2,0.0,117.3
30/03/2025 09:49:37 p. m.,11.6,76.5,0.0,4445,0.0,0.0,0.0,0.0
30/03/2025 09:49:39 p. m.,16.6,78.0,0.3,4212,1.8,2.9,57.1,724.6
30/03/2025 09:49:41 p. m.,6.5,78.0,0.1,4202,0.3,0.1,0.0,197.7
30/03/2025 09:49:43 p. m.,5.8,78.0,0.2,4202,1.5,1.4,0.0,163.1
30/03/2025 09:49:45 p. m.,3.5,78.0,0.1,4203,0.1,0.3,0.0,111.3
30/03/2025 09:49:47 p. m.,5.0,77.9,0.1,4224,0.2,0.2,2.0,27.8
30/03/2025 09:49:49 p. m.,4.2,77.9,0.2,4224,0.1,0.3,4.0,218.3
30/03/2025 09:49:51 p. m.,3.3,77.9,0.2,4220,0.1,0.3,0.0,85.1
30/03/2025 09:49:53 p. m.,3.1,78.0,0.1,4220,1.1,0.7,0.0,23.9
30/03/2025 09:49:55 p. m.,6.2,78.0,0.1,4220,0.1,0.3,0.0,13.9
30/03/2025 09:49:57 p. m.,4.1,78.0,0.1,4214,0.2,0.2,0.0,65.2
30/03/2025 09:49:59 p. m.,7.4,78.0,0.1,4212,0.1,0.2,0.0,45.7
30/03/2025 09:50:01 p. m.,5.6,78.0,0.1,4204,0.2,0.2,0.0,29.8
30/03/2025 09:50:03 p. m.,6.7,78.1,0.0,4195,1.3,0.9,0.0,45.7
30/03/2025 09:50:05 p. m.,4.4,78.1,0.2,4195,0.1,0.2,0.0,79.6
30/03/2025 09:50:07 p. m.,7.1,78.1,0.2,4189,139.7,2.9,85.4,879.3
30/03/2025 09:50:09 p. m.,7.7,77.9,0.3,4216,0.0,0.2,15.8,263.3
30/03/2025 09:50:11 p. m.,5.5,78.0,0.1,4211,0.6,31.6,0.0,13.9
30/03/2025 09:50:13 p. m.,10.1,78.3,0.4,4151,141.5,11.0,0.0,672.6
30/03/2025 09:50:15 p. m.,3.7,78.3,0.1,4140,0.1,0.3,2.0,216.3
30/03/2025 09:53:21 p. m.,28.7,75.4,0.0,4465,0.0,0.0,0.0,0.0
30/03/2025 09:53:23 p. m.,14.1,76.8,0.2,4256,2.8,3.4,13.6,473.8
30/03/2025 09:59:43 p. m.,21.3,78.4,0.0,4095,0.0,0.0,0.0,0.0
30/03/2025 09:59:45 p. m.,14.0,77.6,0.1,4183,2.1,3.5,3.9,596.7
30/03/2025 10:02:20 p. m.,14.2,77.9,0.0,4002,0.0,0.0,0.0,0.0
30/03/2025 10:02:22 p. m.,18.4,79.3,0.1,3789,1.9,2.9,15.6,878.6
30/03/2025 10:02:24 p. m.,7.7,79.3,0.2,3773,1.1,0.9,0.0,332.4
30/03/2025 10:02:26 p. m.,10.0,79.4,0.3,3771,0.2,0.2,0.0,177.7
30/03/2025 10:02:28 p. m.,3.9,79.4,0.1,3753,0.1,0.3,0.0,92.9
30/03/2025 10:02:30 p. m.,2.7,79.4,0.2,3755,0.2,0.3,7.9,544.3
30/03/2025 10:02:32 p. m.,2.3,79.4,0.2,3752,0.3,0.5,0.0,243.9
30/03/2025 10:02:34 p. m.,4.1,79.4,0.2,3750,1.1,0.9,0.0,156.9
30/03/2025 10:02:36 p. m.,6.8,79.4,0.1,3750,0.1,0.2,0.0,88.8
30/03/2025 10:04:59 p. m.,25.6,77.4,0.0,4147,0.0,0.0,0.0,0.0
30/03/2025 10:05:01 p. m.,20.2,78.7,0.2,3936,1.9,2.8,22.7,782.9
30/03/2025 10:05:03 p. m.,8.3,78.9,0.1,3900,1.2,0.6,0.0,363.5
30/03/2025 10:05:05 p. m.,3.6,79.0,0.0,3869,0.1,1.2,0.0,110.7
30/03/2025 10:05:07 p. m.,7.6,79.3,0.3,3819,0.2,0.2,221.3,169.9
30/03/2025 10:05:09 p. m.,3.6,79.3,0.2,3818,0.0,0.2,0.0,78.9
30/03/2025 10:05:11 p. m.,2.5,79.3,0.1,3816,0.3,0.4,0.0,313.2
30/03/2025 10:05:13 p. m.,4.6,79.3,0.2,3817,1.0,1.0,0.0,421.6
30/03/2025 10:05:15 p. m.,6.0,79.4,0.2,3817,0.2,0.7,2.0,215.3
30/03/2025 10:05:17 p. m.,5.1,79.4,0.1,3817,0.1,0.1,0.0,29.6
30/03/2025 10:05:19 p. m.,5.4,79.5,0.2,3810,0.0,0.3,0.0,59.3
30/03/2025 10:05:21 p. m.,5.7,79.3,0.2,3811,0.1,0.2,9.9,258.9
30/03/2025 10:05:23 p. m.,4.8,79.4,0.2,3798,1.2,0.8,2.0,75.0
30/03/2025 10:05:25 p. m.,7.8,79.4,0.1,3795,0.0,0.4,0.0,15.8
30/03/2025 10:07:45 p. m.,9.5,78.0,0.0,3995,0.0,0.0,0.0,0.0
30/03/2025 10:07:49 p. m.,15.2,79.6,0.2,3760,1.5,2.0,17.8,501.0
30/03/2025 10:07:53 p. m.,4.0,79.5,0.1,3757,0.2,0.3,15.9,115.3
30/03/2025 10:07:57 p. m.,3.4,79.5,0.2,3747,0.7,0.7,0.0,194.3
30/03/2025 10:09:48 p. m.,20.3,78.4,0.0,3882,0.0,0.0,0.0,0.0
30/03/2025 10:09:52 p. m.,11.8,80.0,0.2,3639,1.0,1.5,0.0,559.0
30/03/2025 10:09:56 p. m.,5.9,80.0,0.2,3647,0.6,0.5,0.0,126.1
30/03/2025 10:10:00 p. m.,4.3,79.8,0.2,3668,0.1,0.3,0.0,189.4
30/03/2025 10:10:04 p. m.,6.4,79.9,0.1,3653,0.5,1.3,7.9,246.6
30/03/2025 10:13:12 p. m.,17.7,79.7,0.0,3849,0.0,0.0,0.0,0.0
30/03/2025 10:13:16 p. m.,14.0,81.2,0.2,3622,3.5,4.3,60.3,854.1
30/03/2025 10:13:20 p. m.,7.8,81.2,0.2,3630,0.1,0.2,5.0,216.0
30/03/2025 10:13:24 p. m.,3.3,81.2,0.1,3627,0.1,0.2,0.0,352.6
30/03/2025 10:13:36 p. m.,14.4,80.3,0.0,3703,0.0,0.0,0.0,0.0
30/03/2025 10:13:41 p. m.,12.2,81.8,0.2,3482,0.9,1.6,15.8,493.2
30/03/2025 10:13:45 p. m.,6.1,81.8,0.2,3480,0.2,0.1,15.9,274.7
30/03/2025 10:13:49 p. m.,11.5,82.4,0.2,3398,2.7,3.3,19.8,959.7
30/03/2025 10:13:53 p. m.,13.4,83.5,0.3,3266,20.9,39.4,158.9,1030.5
30/03/2025 10:13:57 p. m.,9.9,83.2,0.3,3296,14.2,19.8,24.1,1206.3
30/03/2025 10:14:01 p. m.,26.0,86.6,0.7,2653,59.3,446.5,72.8,9448.8
30/03/2025 10:18:04 p. m.,15.8,83.2,0.0,3299,0.0,0.0,0.0,0.0
30/03/2025 10:18:06 p. m.,18.7,84.7,0.4,3082,2.6,3.2,230.7,606.2
30/03/2025 10:18:08 p. m.,6.9,84.6,0.2,3090,2.5,2.3,1.8,317.7
30/03/2025 10:18:10 p. m.,4.7,84.6,0.2,3092,3.2,2.4,7.2,136.8
30/03/2025 10:18:12 p. m.,4.1,84.6,0.3,3094,0.1,0.1,0.0,208.7
30/03/2025 10:18:15 p. m.,5.1,84.6,0.1,3084,2.9,3.2,28.7,303.5
30/03/2025 10:18:17 p. m.,3.9,84.7,0.2,3084,0.1,0.4,0.0,163.2
30/03/2025 10:18:19 p. m.,7.0,84.8,0.2,3061,0.2,0.3,48.3,75.2
30/03/2025 10:18:21 p. m.,7.2,84.9,0.1,3024,0.1,0.3,0.0,187.8
30/03/2025 10:18:24 p. m.,4.4,85.0,0.1,2997,0.1,0.3,0.0,73.4
30/03/2025 10:18:26 p. m.,9.0,85.2,0.1,2949,1.4,1.0,30.6,27.0
30/03/2025 10:18:28 p. m.,8.6,85.3,0.2,2941,0.2,0.2,51.6,2250.8
30/03/2025 10:18:30 p. m.,7.2,85.4,0.2,2902,0.0,0.2,0.0,426.8
30/03/2025 10:18:54 p. m.,3.7,83.0,0.0,3392,0.0,0.0,0.0,0.0
30/03/2025 10:18:56 p. m.,9.6,82.9,0.1,3387,4.5,5.2,42.7,686.1
30/03/2025 10:18:58 p. m.,5.4,83.0,0.1,3381,0.0,0.1,0.0,95.2
30/03/2025 10:19:09 p. m.,12.6,82.9,0.0,3352,0.0,0.0,0.0,0.0
30/03/2025 10:19:11 p. m.,17.5,84.5,0.3,3093,1.7,2.6,16.0,645.9
30/03/2025 10:19:13 p. m.,6.3,84.5,0.2,3082,0.1,0.2,3.6,143.6
30/03/2025 10:19:16 p. m.,7.1,84.6,0.1,3073,1.1,1.3,0.0,137.9
30/03/2025 10:19:18 p. m.,3.1,84.6,0.1,3073,0.3,0.3,0.0,41.3
30/03/2025 10:19:20 p. m.,4.2,84.5,0.1,3083,0.4,0.6,5.4,237.6
30/03/2025 10:19:22 p. m.,4.1,84.5,0.1,3082,0.1,0.1,0.0,115.9
30/03/2025 10:19:52 p. m.,21.2,83.2,0.0,3308,0.0,0.0,0.0,0.0
30/03/2025 10:19:54 p. m.,18.8,84.9,0.2,3037,1.7,2.7,58.8,618.4
30/03/2025 10:19:56 p. m.,5.6,84.8,0.1,3037,1.1,0.8,1.8,249.2
30/03/2025 10:19:59 p. m.,7.6,84.8,0.2,3033,0.1,0.1,7.2,143.4
30/03/2025 10:20:01 p. m.,4.8,84.9,0.1,3027,0.1,0.3,0.0,98.9
30/03/2025 10:20:03 p. m.,4.7,84.9,0.2,3021,0.1,0.1,1.8,235.5
30/03/2025 10:20:05 p. m.,5.7,85.0,0.2,2996,1.2,1.0,0.0,55.6
30/03/2025 10:20:08 p. m.,6.2,85.1,0.2,2976,0.3,1.3,0.0,51.6
30/03/2025 10:20:10 p. m.,4.4,85.3,0.1,2956,0.0,1.1,0.0,19.7
30/03/2025 10:20:12 p. m.,8.0,85.4,0.1,2917,0.1,1.1,0.0,76.8
30/03/2025 10:20:14 p. m.,5.7,85.3,0.1,2909,0.1,1.2,28.8,107.9
30/03/2025 10:20:16 p. m.,6.1,85.4,0.2,2897,3.4,3.0,12.5,57.2
30/03/2025 10:20:19 p. m.,4.9,85.5,0.1,2887,0.1,0.7,48.2,290.9
30/03/2025 10:20:21 p. m.,8.5,85.6,0.2,2875,5.9,2.7,7.1,116.1
30/03/2025 10:20:23 p. m.,14.1,85.5,0.1,2867,2.4,6.6,0.2,134.4
30/03/2025 10:20:25 p. m.,15.7,86.0,0.3,2795,16.4,6.9,7.2,173.5
30/03/2025 10:20:28 p. m.,7.2,86.1,0.4,2797,0.1,0.6,1275.0,149.5
30/03/2025 10:20:30 p. m.,5.4,85.8,0.1,2801,0.0,0.2,0.0,66.2
30/03/2025 10:20:32 p. m.,5.4,85.3,0.1,2911,0.2,0.2,0.0,148.6
30/03/2025 10:20:34 p. m.,4.6,85.3,0.1,2924,1.0,0.4,1.8,113.0
30/03/2025 10:20:37 p. m.,7.9,85.3,0.1,2920,0.4,0.9,0.0,125.5
30/03/2025 10:20:39 p. m.,17.0,85.5,0.1,2851,4.3,5.7,0.0,69.6
30/03/2025 10:20:41 p. m.,7.7,85.6,0.2,2846,0.1,0.3,0.0,35.6
30/03/2025 10:20:43 p. m.,25.8,86.9,0.1,2588,17.9,12.3,3.4,764.4
30/03/2025 10:21:37 p. m.,4.5,83.3,0.0,3228,0.0,0.0,0.0,0.0
30/03/2025 10:21:39 p. m.,20.8,84.7,0.3,2999,1.6,2.7,635.5,689.2
30/03/2025 10:21:41 p. m.,8.5,84.7,0.2,3015,0.2,0.2,0.0,217.1
30/03/2025 10:21:43 p. m.,7.4,84.6,0.1,3011,0.8,0.9,39.6,131.3
30/03/2025 10:21:46 p. m.,7.3,84.7,0.2,3012,1.0,1.3,0.0,200.4
30/03/2025 10:21:48 p. m.,6.0,84.7,0.2,3003,0.1,0.1,3.6,185.1
30/03/2025 10:21:50 p. m.,6.2,84.8,0.1,2982,0.1,0.2,0.0,37.7
30/03/2025 10:21:52 p. m.,7.0,84.7,0.1,2978,0.2,0.4,28.6,35.8
30/03/2025 10:21:54 p. m.,9.4,85.0,0.2,2914,1.1,1.3,16.2,4802.1
30/03/2025 10:21:57 p. m.,7.4,85.1,0.2,2891,0.3,0.9,0.0,227.3
30/03/2025 10:21:59 p. m.,7.2,85.2,0.3,2869,0.2,0.3,7.2,1031.6
30/03/2025 10:22:01 p. m.,5.2,85.2,0.1,2854,0.1,0.2,0.0,14.4
30/03/2025 10:22:03 p. m.,6.0,85.3,0.2,2836,0.1,0.1,0.0,164.4
30/03/2025 10:22:06 p. m.,11.4,85.5,0.3,2926,1.0,0.9,375.3,3459.8
30/03/2025 10:22:08 p. m.,4.5,85.5,0.1,2910,0.3,0.4,0.0,19.7
30/03/2025 10:22:10 p. m.,5.8,85.7,0.1,2911,0.1,0.2,0.0,39.6
30/03/2025 10:22:12 p. m.,6.3,85.5,0.2,2935,0.0,0.1,36.0,138.5
30/03/2025 10:22:15 p. m.,6.5,85.6,0.1,2923,20.2,6.1,0.0,208.3
30/03/2025 10:22:17 p. m.,5.7,85.6,0.2,2918,0.2,0.5,14.4,34.1
30/03/2025 10:22:19 p. m.,12.4,85.8,0.1,2897,0.4,1.4,0.0,73.6
30/03/2025 10:22:21 p. m.,16.9,86.3,0.2,2791,0.5,0.8,80.0,122.7
30/03/2025 10:22:23 p. m.,15.6,86.3,0.2,2790,0.7,0.9,0.0,91.3
30/03/2025 10:22:26 p. m.,16.8,86.5,0.1,2776,1.5,1.5,0.0,58.8
30/03/2025 10:24:11 p. m.,7.6,85.1,0.0,2889,0.0,0.0,0.0,0.0
30/03/2025 10:24:13 p. m.,19.0,85.1,0.3,3039,1.6,3.0,0.0,755.3
30/03/2025 10:24:15 p. m.,5.5,85.0,0.3,3053,1.1,1.5,86.3,382.9
30/03/2025 10:24:17 p. m.,3.8,85.0,0.1,3057,0.1,0.1,1.8,120.6
30/03/2025 10:24:20 p. m.,3.1,85.0,0.1,3055,0.1,0.1,0.0,147.6
30/03/2025 10:24:22 p. m.,4.2,85.0,0.2,3056,0.1,0.1,3.6,286.8
30/03/2025 10:24:24 p. m.,3.5,85.1,0.1,3026,0.5,0.8,0.0,103.5
30/03/2025 10:24:26 p. m.,6.2,85.1,0.1,3024,1.1,0.8,0.0,61.0
30/03/2025 10:24:29 p. m.,3.8,85.2,0.1,3019,0.0,0.5,0.0,48.3
30/03/2025 10:24:31 p. m.,4.2,85.2,0.0,3016,0.1,0.4,0.0,5.4
30/03/2025 10:24:33 p. m.,2.8,85.2,0.1,3016,0.1,0.2,0.0,16.1
30/03/2025 10:24:35 p. m.,3.8,85.1,0.1,3042,1.0,0.8,28.7,64.5
30/03/2025 10:24:38 p. m.,3.4,85.1,0.2,3040,0.2,0.2,0.0,170.4
30/03/2025 10:55:10 p. m.,39.1,76.4,0.0,4609,0.0,0.0,0.0,0.0
30/03/2025 10:55:12 p. m.,42.2,78.4,0.4,4276,2.6,8.7,824.8,1168.3
30/03/2025 10:55:14 p. m.,7.6,78.0,0.2,4356,9.6,7.5,0.0,562.8
30/03/2025 10:55:16 p. m.,5.3,77.9,0.2,4357,0.2,4.4,7.9,445.2
30/03/2025 10:55:18 p. m.,4.2,78.1,0.1,4322,1.2,0.8,0.0,223.3
30/03/2025 11:09:28 p. m.,22.4,80.4,0.0,3541,0.0,0.0,0.0,0.0
30/03/2025 11:09:30 p. m.,18.8,81.3,0.4,3378,3.3,15.1,28.6,963.2
30/03/2025 11:09:33 p. m.,20.0,82.1,0.1,3257,0.4,4.2,14.3,4076.0
30/03/2025 11:09:35 p. m.,26.7,80.8,0.3,3606,24.5,146.7,311.4,2318.0
30/03/2025 11:09:37 p. m.,10.8,80.8,0.4,3633,1.1,0.5,594.9,3241.6
30/03/2025 11:09:39 p. m.,6.7,80.8,0.2,3619,0.1,0.6,50.3,377.3
30/03/2025 11:09:42 p. m.,5.9,80.8,0.3,3630,0.5,4.0,14.3,426.1
30/03/2025 11:09:44 p. m.,18.4,74.0,1.0,4302,32.0,14.5,504.1,1320.7
30/03/2025 11:09:46 p. m.,20.5,72.1,12.5,4587,30.2,52.6,13111.3,21921.0
30/03/2025 11:09:51 p. m.,2.9,72.0,0.2,4586,1.2,0.9,15.8,899.1
30/03/2025 11:09:53 p. m.,4.1,72.0,0.2,4612,0.1,0.2,33.0,217.0
30/03/2025 11:09:55 p. m.,5.1,71.9,0.2,4620,0.1,0.5,63.3,763.0
30/03/2025 11:09:57 p. m.,2.8,72.0,0.2,4619,4.8,7.3,0.0,164.8
30/03/2025 11:09:59 p. m.,3.2,72.0,0.2,4623,0.7,0.6,0.0,114.6
30/03/2025 11:10:01 p. m.,4.7,71.9,0.1,4631,0.3,0.4,0.0,73.0
30/03/2025 11:10:03 p. m.,4.4,71.9,0.2,4628,0.3,0.3,31.7,37.6
30/03/2025 11:10:05 p. m.,3.9,71.9,0.2,4626,0.0,0.4,7.9,444.4
30/03/2025 11:15:59 p. m.,4.4,68.0,0.0,5281,0.0,0.0,0.0,0.0
30/03/2025 11:16:01 p. m.,2.6,67.9,0.3,5287,7.1,4.9,15.7,420.1
30/03/2025 11:16:03 p. m.,3.7,67.8,0.1,5314,0.8,2.8,15.9,232.4
30/03/2025 11:16:05 p. m.,1.5,67.7,0.2,5328,0.1,0.3,0.0,136.4
30/03/2025 11:16:11 p. m.,4.0,67.7,0.3,5336,2.0,3.9,603.9,9875.5
30/03/2025 11:16:13 p. m.,1.8,67.7,0.1,5329,1.4,1.0,0.0,145.1
